{
  "group_labels": [
    "",
    "",
    "",
    ""
  ],
  "group_counts": [
    549,
    49,
    129,
    120
  ],
  "group_percentages": [
    0.64817,
    0.05785,
    0.1523,
    0.14168
  ],
  "stats": {
    "accuracy": 0.78985,
    "precision": 0.71006,
    "recall": 0.48193,
    "f1_score": 0.57416
  }
}