{
  "overall_accuracy": 0.78985,
  "classification_report": "              precision    recall  f1-score   support\n\n         0.0       0.81      0.92      0.86       598\n         1.0       0.71      0.48      0.57       249\n\n    accuracy                           0.79       847\n   macro avg       0.76      0.70      0.72       847\nweighted avg       0.78      0.79      0.78       847\n",
  "micro_performance_metrics": {
    "precision": 0.78985,
    "recall": 0.78985,
    "f1_score": 0.78985
  },
  "macro_performance_metrics": {
    "precision": 0.7599,
    "recall": 0.69999,
    "f1_score": 0.71733
  },
  "weighted_performance_metrics": {
    "precision": 0.78043,
    "recall": 0.78985,
    "f1_score": 0.77632
  }
}