{
  "0": [
    0.9230769230769231,
    0.9247491638795987,
    0.9247491638795987,
    0.9214046822742475,
    0.9180602006688964,
    0.9163879598662207,
    0.9180602006688964,
    0.9180602006688964,
    0.9180602006688964,
    0.9147157190635451,
    0.9163879598662207,
    0.9147157190635451,
    0.9180602006688964
  ],
  "1": [
    0.41365461847389556,
    0.43373493975903615,
    0.43373493975903615,
    0.43775100401606426,
    0.4538152610441767,
    0.4538152610441767,
    0.46586345381526106,
    0.4779116465863454,
    0.4738955823293173,
    0.4819277108433735,
    0.4859437751004016,
    0.4779116465863454,
    0.4819277108433735
  ]
}